Andrea;Pirlo;53245234;milanjuve@email.it
mario;rossi;3433432444;mario@rossi.it
carlo maria;bianchi;3234324343;carlo@bianchi.it
giovanni;verdi;3322534666;giovanni@verdi.it
luca;brambilla;3546678889;luca@brambi.it
nicola;gatto;3453546477;null
Pierantonio2;Miglietta;null;p.miglietta2@beije.it
Pierantonio2;Miglietta;null;p.miglietta2@beije.it
Pierantonio2;Miglietta;null;p.miglietta2@beije.it
giovanni;storti;null;giovannistorti@beije.it
piero;brambilla;null;pier@mail.com
jacopo;campagnoli;null;jacopo@mail.com
tommaso;casti;null;tommas@mail.com
giuseppe;verdi;null;versi@mail.com
luciano;pavarotti;null;thevois@mail.com
luca;Abete;null;tree@mail.com
giorgio;chiellini;null;usopp@gmail.com
ajeje;brazor;null;braza@mail.com
null;null;null;null
alberto;angela;123456789;cicio@mail.it
mario;rossi;3433432444;mario@rossi.it
carlo maria;bianchi;3234324343;carlo@bianchi.it
giovanni;verdi;3322534666;giovanni@verdi.it
luca;brambilla;3546678889;luca@brambi.it
nicola;gatto;3453546477;null
Andrea;Pirlo;53245234;milanjuve@email.it
mario;rossi;3433432444;mario@rossi.it
carlo maria;bianchi;3234324343;carlo@bianchi.it
giovanni;verdi;3322534666;giovanni@verdi.it
luca;brambilla;3546678889;luca@brambi.it
nicola;gatto;3453546477;null
Andrea;Pirlo;53245234;milanjuve@email.it
mario;rossi;3433432444;mario@rossi.it
carlo maria;bianchi;3234324343;carlo@bianchi.it
giovanni;verdi;3322534666;giovanni@verdi.it
luca;brambilla;3546678889;luca@brambi.it
nicola;gatto;3453546477;null
Andrea;Pirlo;53245234;milanjuve@email.it
mario;rossi;3433432444;mario@rossi.it
carlo maria;bianchi;3234324343;carlo@bianchi.it
giovanni;verdi;3322534666;giovanni@verdi.it
luca;brambilla;3546678889;luca@brambi.it
nicola;gatto;3453546477;null
aldo;baglio;687923023;aldo@mail.lol
Andrea;Pirlo;53245234;milanjuve@email.it
mario;rossi;3433432444;mario@rossi.it
carlo maria;bianchi;3234324343;carlo@bianchi.it
giovanni;verdi;3322534666;giovanni@verdi.it
luca;brambilla;3546678889;luca@brambi.it
nicola;gatto;3453546477;null
Pierantonio2;Miglietta;null;p.miglietta2@beije.it
Pierantonio2;Miglietta;null;p.miglietta2@beije.it
Pierantonio2;Miglietta;null;p.miglietta2@beije.it
giovanni;storti;null;giovannistorti@beije.it
piero;brambilla;null;pier@mail.com
jacopo;campagnoli;null;jacopo@mail.com
tommaso;casti;null;tommas@mail.com
giuseppe;verdi;null;versi@mail.com
luciano;pavarotti;null;thevois@mail.com
luca;Abete;null;tree@mail.com
giorgio;chiellini;null;usopp@gmail.com
ajeje;brazor;null;braza@mail.com
null;null;null;null
alberto;angela;123456789;cicio@mail.it
mario;rossi;3433432444;mario@rossi.it
carlo maria;bianchi;3234324343;carlo@bianchi.it
giovanni;verdi;3322534666;giovanni@verdi.it
luca;brambilla;3546678889;luca@brambi.it
nicola;gatto;3453546477;null
Andrea;Pirlo;53245234;milanjuve@email.it
mario;rossi;3433432444;mario@rossi.it
carlo maria;bianchi;3234324343;carlo@bianchi.it
giovanni;verdi;3322534666;giovanni@verdi.it
luca;brambilla;3546678889;luca@brambi.it
nicola;gatto;3453546477;null
Andrea;Pirlo;53245234;milanjuve@email.it
mario;rossi;3433432444;mario@rossi.it
carlo maria;bianchi;3234324343;carlo@bianchi.it
giovanni;verdi;3322534666;giovanni@verdi.it
luca;brambilla;3546678889;luca@brambi.it
nicola;gatto;3453546477;null
Andrea;Pirlo;53245234;milanjuve@email.it
mario;rossi;3433432444;mario@rossi.it
carlo maria;bianchi;3234324343;carlo@bianchi.it
giovanni;verdi;3322534666;giovanni@verdi.it
luca;brambilla;3546678889;luca@brambi.it
nicola;gatto;3453546477;null
aldo;baglio;687923023;aldo@mail.lol
Andrea;Pirlo;53245234;milanjuve@email.it
mario;rossi;3433432444;mario@rossi.it
carlo maria;bianchi;3234324343;carlo@bianchi.it
giovanni;verdi;3322534666;giovanni@verdi.it
luca;brambilla;3546678889;luca@brambi.it
nicola;gatto;3453546477;null
Pierantonio2;Miglietta;null;p.miglietta2@beije.it
Pierantonio2;Miglietta;null;p.miglietta2@beije.it
Pierantonio2;Miglietta;null;p.miglietta2@beije.it
giovanni;storti;null;giovannistorti@beije.it
piero;brambilla;null;pier@mail.com
jacopo;campagnoli;null;jacopo@mail.com
tommaso;casti;null;tommas@mail.com
giuseppe;verdi;null;versi@mail.com
luciano;pavarotti;null;thevois@mail.com
luca;Abete;null;tree@mail.com
giorgio;chiellini;null;usopp@gmail.com
ajeje;brazor;null;braza@mail.com
null;null;null;null
alberto;angela;123456789;cicio@mail.it
mario;rossi;3433432444;mario@rossi.it
carlo maria;bianchi;3234324343;carlo@bianchi.it
giovanni;verdi;3322534666;giovanni@verdi.it
luca;brambilla;3546678889;luca@brambi.it
nicola;gatto;3453546477;null
Andrea;Pirlo;53245234;milanjuve@email.it
mario;rossi;3433432444;mario@rossi.it
carlo maria;bianchi;3234324343;carlo@bianchi.it
giovanni;verdi;3322534666;giovanni@verdi.it
luca;brambilla;3546678889;luca@brambi.it
nicola;gatto;3453546477;null
Andrea;Pirlo;53245234;milanjuve@email.it
mario;rossi;3433432444;mario@rossi.it
carlo maria;bianchi;3234324343;carlo@bianchi.it
giovanni;verdi;3322534666;giovanni@verdi.it
luca;brambilla;3546678889;luca@brambi.it
nicola;gatto;3453546477;null
Andrea;Pirlo;53245234;milanjuve@email.it
mario;rossi;3433432444;mario@rossi.it
carlo maria;bianchi;3234324343;carlo@bianchi.it
giovanni;verdi;3322534666;giovanni@verdi.it
luca;brambilla;3546678889;luca@brambi.it
nicola;gatto;3453546477;null
aldo;baglio;687923023;aldo@mail.lol
Andrea;Pirlo;53245234;milanjuve@email.it
mario;rossi;3433432444;mario@rossi.it
carlo maria;bianchi;3234324343;carlo@bianchi.it
giovanni;verdi;3322534666;giovanni@verdi.it
luca;brambilla;3546678889;luca@brambi.it
nicola;gatto;3453546477;null
Pierantonio2;Miglietta;null;p.miglietta2@beije.it
Pierantonio2;Miglietta;null;p.miglietta2@beije.it
Pierantonio2;Miglietta;null;p.miglietta2@beije.it
giovanni;storti;null;giovannistorti@beije.it
piero;brambilla;null;pier@mail.com
jacopo;campagnoli;null;jacopo@mail.com
tommaso;casti;null;tommas@mail.com
giuseppe;verdi;null;versi@mail.com
luciano;pavarotti;null;thevois@mail.com
luca;Abete;null;tree@mail.com
giorgio;chiellini;null;usopp@gmail.com
ajeje;brazor;null;braza@mail.com
null;null;null;null
alberto;angela;123456789;cicio@mail.it
mario;rossi;3433432444;mario@rossi.it
carlo maria;bianchi;3234324343;carlo@bianchi.it
giovanni;verdi;3322534666;giovanni@verdi.it
luca;brambilla;3546678889;luca@brambi.it
nicola;gatto;3453546477;null
Andrea;Pirlo;53245234;milanjuve@email.it
mario;rossi;3433432444;mario@rossi.it
carlo maria;bianchi;3234324343;carlo@bianchi.it
giovanni;verdi;3322534666;giovanni@verdi.it
luca;brambilla;3546678889;luca@brambi.it
nicola;gatto;3453546477;null
Andrea;Pirlo;53245234;milanjuve@email.it
mario;rossi;3433432444;mario@rossi.it
carlo maria;bianchi;3234324343;carlo@bianchi.it
giovanni;verdi;3322534666;giovanni@verdi.it
luca;brambilla;3546678889;luca@brambi.it
nicola;gatto;3453546477;null
Andrea;Pirlo;53245234;milanjuve@email.it
mario;rossi;3433432444;mario@rossi.it
carlo maria;bianchi;3234324343;carlo@bianchi.it
giovanni;verdi;3322534666;giovanni@verdi.it
luca;brambilla;3546678889;luca@brambi.it
nicola;gatto;3453546477;null
aldo;baglio;687923023;aldo@mail.lol
Andrea;Pirlo;53245234;milanjuve@email.it
mario;rossi;3433432444;mario@rossi.it
carlo maria;bianchi;3234324343;carlo@bianchi.it
giovanni;verdi;3322534666;giovanni@verdi.it
luca;brambilla;3546678889;luca@brambi.it
nicola;gatto;3453546477;null
Pierantonio2;Miglietta;null;p.miglietta2@beije.it
Pierantonio2;Miglietta;null;p.miglietta2@beije.it
Pierantonio2;Miglietta;null;p.miglietta2@beije.it
giovanni;storti;null;giovannistorti@beije.it
piero;brambilla;null;pier@mail.com
jacopo;campagnoli;null;jacopo@mail.com
tommaso;casti;null;tommas@mail.com
giuseppe;verdi;null;versi@mail.com
luciano;pavarotti;null;thevois@mail.com
luca;Abete;null;tree@mail.com
giorgio;chiellini;null;usopp@gmail.com
ajeje;brazor;null;braza@mail.com
null;null;null;null
alberto;angela;123456789;cicio@mail.it
mario;rossi;3433432444;mario@rossi.it
carlo maria;bianchi;3234324343;carlo@bianchi.it
giovanni;verdi;3322534666;giovanni@verdi.it
luca;brambilla;3546678889;luca@brambi.it
nicola;gatto;3453546477;null
Andrea;Pirlo;53245234;milanjuve@email.it
mario;rossi;3433432444;mario@rossi.it
carlo maria;bianchi;3234324343;carlo@bianchi.it
giovanni;verdi;3322534666;giovanni@verdi.it
luca;brambilla;3546678889;luca@brambi.it
nicola;gatto;3453546477;null
Andrea;Pirlo;53245234;milanjuve@email.it
mario;rossi;3433432444;mario@rossi.it
carlo maria;bianchi;3234324343;carlo@bianchi.it
giovanni;verdi;3322534666;giovanni@verdi.it
luca;brambilla;3546678889;luca@brambi.it
nicola;gatto;3453546477;null
Andrea;Pirlo;53245234;milanjuve@email.it
mario;rossi;3433432444;mario@rossi.it
carlo maria;bianchi;3234324343;carlo@bianchi.it
giovanni;verdi;3322534666;giovanni@verdi.it
luca;brambilla;3546678889;luca@brambi.it
nicola;gatto;3453546477;null
aldo;baglio;687923023;aldo@mail.lol
